{
    "intercept": 2402.287545159509,
    "coefficients": [
        -277.9548608573078,
        -182.55074165638638,
        149.34680653812427,
        -165.90953838854463,
        21.401303273600917,
        4.356314607310253,
        8.303983336666073,
        -14.67671084172905,
        1.566543995840881,
        26.009036610104122
    ],
    "limits": [
        [
            0,
            10000000
        ],
        [
            0,
            101325
        ],
        [
            0.01,
            4.8768
        ],
        [
            0,
            50
        ]
    ],
    "log_transform": [
        387,
        1319,
        0,
        1
    ]
}